domain;name;land;quelle
cardcosmos.de;cardcosmos;DE;Prüfung 2026-10-06 (dokumentiert)
primeprotector.at;Prime Protector;AT;Prüfung 2026-10-06 (dokumentiert)
universetcg.com;Universe TCG;ES;Prüfung 2026-10-06; Suche Naruto 2026-10-07
otakura.com;Otakura;IT;Prüfung 2026-10-06
pokitrio.de;Pokitrio;DE;Suche One Piece 2026-10-06
sapphire-cards.de;Sapphire-Cards;DE;Suche One Piece DE 2026-10-07
adventurecardz.de;AdventureCardz;DE;Suche One Piece DE 2026-10-07
yonko-tcg.de;Yonko TCG;DE;Suche One Piece DE 2026-10-07
crispycards.de;CrispyCards;DE;Suche One Piece DE 2026-10-07
man-of-games.de;Man of Games;DE;Suche One Piece DE 2026-10-07
gate-to-the-games.de;Gate to the Games;DE;Suche One Piece DE 2026-10-07
fantasiacards.de;FantasiaCards;DE;Suche One Piece DE 2026-10-07
zuris-shop.de;Zuris-Shop;DE;Suche One Piece DE 2026-10-07
geeksheaven.de;GeeksHeaven;DE;Suche One Piece DE 2026-10-07
keepseven.de;KEEPSEVEN;DE;Suche TCG DE 2026-10-07
tcg-fee.de;TCG-Fee;DE;Suche One Piece DE 2026-10-07 (Erwähnung)
breakthecase.de;BreakTheCase;DE;Suche Dragon Ball 2026-10-07
gemcards.de;Gem Cards;DE;Suche Dragon Ball 2026-10-07
comicplanet.de;Comic Planet;DE;Suche Gundam 2026-10-07
god-of-games.de;God of Games;DE;Suche Gundam 2026-10-07
team-samuringer.com;Team-Samuringer;DE;Suche Gundam 2026-10-07
deichcards.de;deichcards;DE;Suche Gundam 2026-10-07
yodasdata.biz;Yodas Data;DE;Suche Gundam 2026-10-07
brickznmore.myshopify.com;Brickznmore;DE;Suche One Piece DE 2026-10-07
games-island.eu;Games Island;DE;Suche One Piece 2026-10-06 (eigene Bot-Regeln)
tcg-corner.com;TCG Corner;DE;Websuche 2026-10-07
fantasywelt.de;Fantasywelt;DE;Vorwissen (unbestätigt)
taschengelddieb.de;Taschengelddieb;DE;Vorwissen (unbestätigt)
tcgviert.com;TCGViert;DE;Vorwissen (unbestätigt)
card-corner.de;Card Corner;DE;Vorwissen (unbestätigt)
spiele-offensive.de;Spiele-Offensive;DE;Vorwissen (unbestätigt)
milan-spiele.de;Milan-Spiele;DE;Vorwissen (unbestätigt)
brettspielversand.de;Brettspielversand;DE;Vorwissen (unbestätigt)
pegasusshop.de;Pegasus Shop;DE;Vorwissen (unbestätigt)
jokers.de;Jokers;DE;Vorwissen (unbestätigt)
galaxus.de;Galaxus;DE;Vorwissen (unbestätigt)
mediamarkt.de;MediaMarkt;DE;Vorwissen (unbestätigt)
mueller.de;Müller;DE;Vorwissen (unbestätigt)
thalia.de;Thalia;DE;Vorwissen (unbestätigt)
smythstoys.com;Smyths Toys;DE;Vorwissen (unbestätigt)
trader-online.de;Trader Online;DE;Vorwissen (unbestätigt)
fantasy-in.de;Fantasy In;DE;Vorwissen (unbestätigt)
grubi-co.at;Grubi-Co;AT;Suche One Piece DE 2026-10-07
dilaras.at;Dilaras;AT;Suche One Piece DE 2026-10-07
playpeak.eu;Playpeak;AT;Suche TCG DE 2026-10-07
gameware.at;Gameware;AT;Vorwissen (unbestätigt)
tcg-treasure.com;TCG Treasure;CH;Suche TCG DE 2026-10-07
n8owlcards.com;n8owlcards;CH;Suche TCG DE 2026-10-07
cardcollectors.ch;CardCollectors;CH;Suche TCG DE 2026-10-07
cardmaniac.ch;Cardmaniac;CH;Suche TCG DE 2026-10-07
wog.ch;World of Games;CH;Suche TCG DE 2026-10-07
themanashop.ch;The Mana Shop;CH;Suche One Piece DE 2026-10-07
carab.ch;CARAB;CH;Suche Dragon Ball 2026-10-07
japhunter.ch;JapHunter;CH;Suche Naruto 2026-10-07
zadoys.ch;Zadoys;CH;Suche Gundam 2026-10-07
castlegames.ch;CastleGames;CH;Suche Gundam 2026-10-07
japanresell.com;JapanResell;FR;Suche One Piece FR 2026-10-07
1piecetcg.fr;1PIECETCG;FR;Suche One Piece FR 2026-10-07
lorenzone.fr;LorenZone;FR;Suche One Piece FR 2026-10-07
lecrescendotcg.com;Le Crescendo TCG;FR;Suche One Piece FR 2026-10-07
fantasysphere.net;Fantasy Sphere;FR;Suche One Piece FR 2026-10-07
ultrajeux.com;UltraJeux;FR;Suche One Piece FR 2026-10-07
ludiworld.com;Ludiworld;FR;Suche One Piece FR 2026-10-07
royaltcg.shop;Royal TCG;FR;Suche One Piece FR 2026-10-07
japondemande.com;Jap'On Demande;FR;Suche One Piece FR 2026-10-07
onepiececard.fr;onepiececard.fr;FR;Suche One Piece FR 2026-10-07
ludisphere.fr;Ludisphere;FR;Suche One Piece FR 2026-10-07
pixelheart.eu;Pixelheart;FR;Suche Naruto 2026-10-07
philibertnet.com;Philibert;FR;Vorwissen (unbestätigt)
vault29tcg.com;Vault 29 TCG;ES;Suche One Piece ES 2026-10-07
higanbanatcg.com;Higanbana TCG;ES;Suche One Piece ES 2026-10-07
cartinhabrilhante.com;Cartinha Brilhante;ES;Suche One Piece ES 2026-10-07
goldenpullscards.com;Golden Pulls;ES;Suche One Piece ES 2026-10-07
turolgames.com;Turol Games;ES;Suche One Piece 2026-10-06
padis-store.com;Padis Store;ES;Suche Gundam 2026-10-07
ilnuovomondoshop.it;Il Nuovo Mondo;IT;Suche One Piece IT 2026-10-07
evlutcg.com;Evolution TCG;IT;Suche One Piece IT 2026-10-07
vendiloshop.it;Vendiloshop;IT;Suche One Piece IT 2026-10-07
near07.com;Near07;IT;Suche One Piece IT 2026-10-07
zillerstore.it;Zillerstore;IT;Suche One Piece IT 2026-10-07
gs-gameon.com;GS Game On;IT;Suche One Piece IT 2026-10-07
bsastore.it;BSA Store;IT;Suche One Piece IT 2026-10-07
giaxstore.it;GiaxStore;IT;Suche One Piece IT 2026-10-07
cardverse.it;Cardverse;IT;Suche One Piece IT 2026-10-07
geekpeak.it;GeekPeak;IT;Suche One Piece IT 2026-10-07
uplay.it;Uplay;IT;Suche Gundam 2026-10-07
bazaarofmagic.eu;Bazaar of Magic;NL;Suche One Piece 2026-10-06
spellenwinkel.nl;Spellenwinkel;NL;Suche One Piece NL 2026-10-07
oppacards.com;Oppa Cards;NL;Suche One Piece NL 2026-10-07
renexx.nl;renexx;NL;Suche One Piece NL 2026-10-07
tf-robots.nl;TF Robots;NL;Suche Gundam 2026-10-07
threeforonetrading.com;Three for One Trading;NL;Suche TCG 2026-10-07
rogerz.dk;Rogerz;DK;Suche One Piece NL 2026-10-07
tcgstore.se;Tcgstore.se;SE;Suche One Piece NL 2026-10-07
dragonslair.se;Dragon's Lair;SE;Vorwissen (unbestätigt)
alphaspel.se;Alphaspel;SE;Vorwissen (unbestätigt)
spelexperten.com;Spelexperten;SE;Vorwissen (unbestätigt)
poromagia.com;Poromagia;FI;Vorwissen (unbestätigt)
mythicvault.com;Mythic Vault;GR;Suche One Piece 2026-10-06
gamescape.gr;Gamescape;GR;Suche Gundam 2026-10-07
triplacegames.com;Triplace Games;PT;Suche One Piece 2026-10-06
cardempire.hu;Card Empire;HU;Suche One Piece 2026-10-06
mewtwo.eu;Mewtwo.eu;EU;Suche One Piece NL 2026-10-07
poke-power.eu;Poke-Power;EU;Suche One Piece 2026-10-06
rollntrade.com;Roll n Trade;EU;Suche One Piece 2026-10-06
zatu.com;Zatu Games;UK;Suche One Piece 2026-10-06
totalcards.net;Total Cards;UK;Suche Dragon Ball 2026-10-07
magicmadhouse.co.uk;Magic Madhouse;UK;Vorwissen (unbestätigt)
chaoscards.co.uk;Chaos Cards;UK;Vorwissen (unbestätigt)
firestormgames.co.uk;Firestorm Games;UK;Vorwissen (unbestätigt)
godofcards.com;God of Cards;DE;Suche Union Arena/Pokémon DE 2026-10-07
lotticards.de;LottiCards;DE;Suche Pokémon DE 2026-10-07
2sleeve.de;2Sleeve;DE;Suche Pokémon DE 2026-10-07
jk-entertainment-uk.co.uk;JK-Entertainment;DE;Suche Pokémon DE 2026-10-07 (deutschsprachig)
bayzing.com;Bayzing;DE;Suche Pokémon DE 2026-10-07
mikiscardshop.at;Miki's Card Shop;AT;Suche Pokémon DE 2026-10-07
catchemcards.de;CatchemCards;DE;Suche Pokémon DE 2026-10-07
pokegeodude.shop;Geo.Store;DE;Suche Pokémon DE 2026-10-07
galaxus.ch;Galaxus CH;CH;Suche Pokémon DE 2026-10-07
tradingtoys.de;TradingToys;DE;Suche Pokémon DE 2026-10-07
stickerpoint.de;stickerpoint;DE;Suche Pokémon DE 2026-10-07
tcgshop-moers.com;TCG Shop Moers;DE;Suche Pokémon DE 2026-10-07
jumpichiban.com;JumpIchiban;IT;Suche Union Arena 2026-10-07
bescards.com;Bescards;BE;Suche Europa 2026-10-07
candycards.eu;CandyCards;IE;Suche Europa 2026-10-07
tcghaven.nl;TCGHAVEN;NL;Suche Europa 2026-10-07
northerncardgaming.com;Northern Card Gaming;UK;Suche Europa 2026-10-07
mcgillicuddystoyshop.ie;McGillicuddy's;IE;Suche Europa 2026-10-07
playingcardshop.eu;Playingcardshop;NL;Suche Europa 2026-10-07
cardgameshop.be;Cardgameshop;BE;Suche Europa 2026-10-07
cardcenter.no;Cardcenter;NO;Suche Europa 2026-10-07
skyfoxgames.com;Skyfox Games;EU;Suche Europa 2026-10-07
collect-it.de;Collect it;DE;Suche Lorcana/Yu-Gi-Oh DE 2026-10-07
theuncommonshop.ch;The Uncommon Shop;CH;Suche Lorcana/Yu-Gi-Oh DE 2026-10-07
spielraum.co.at;SpielRaum;AT;Suche Lorcana/Yu-Gi-Oh DE 2026-10-07
gamersheaven.de;Gamers Heaven;DE;Suche Lorcana/Yu-Gi-Oh DE 2026-10-07
card-collector.net;Card Collector;DE;Suche Lorcana/Yu-Gi-Oh DE 2026-10-07
hiveworld.de;Hiveworld;DE;Suche Lorcana/Yu-Gi-Oh DE 2026-10-07
twomoons.ch;TwoMoons;CH;Suche Lorcana/Yu-Gi-Oh DE 2026-10-07
nerdbank.de;Nerdbank;DE;Suche Lorcana/Yu-Gi-Oh DE 2026-10-07
bb-spiele.de;BB-Spiele;DE;Suche Lorcana/Yu-Gi-Oh DE 2026-10-07
battle-bear.de;Battle Bear;DE;Suche Lorcana/Yu-Gi-Oh DE 2026-10-07
mulligantcg.com;Mulligan TCG;DE;Suche Riftbound/SWU DE 2026-10-07
zwergenschmiede.ch;Zwergenschmiede;CH;Suche Magic DE 2026-10-07
magic-booster-box.de;Magic Booster Box;DE;Suche Magic DE 2026-10-07
sammelsturm.shop;Sammelsturm;DE;Suche Magic DE 2026-10-07
magic-feel.de;Magic-Feel;DE;Suche Magic DE 2026-10-07
saturn.de;Saturn;DE;Suche Magic DE 2026-10-07
